45 GSM Glass Fiber Mesh,Coal Tar Epoxy - 5 KG,Dr Fixir Bath Seal Tape,Dr FixIt Bathseal Grout - 3 Kg,Dr Fixit Bathseal Tape ( 100 mm x 10 Mtr ),Dr Fixit Bathseal Tape 100mm x 1.5 Mtr,Dr. FixIt Coal Tar Epoxy - 5 KG,Dr Fixit Dampguard Classic 1 Kg,Dr FixIt Fast Flex - 12 KG [HSN 3214],Dr Fixit Fast Flex 48 Kg [3214],Dr Fixit Krystiline [HSN 3214],Dr. FixIt LW+ [HSN 3824],Dr Fixit Micro Concrete,Dr FixIt New Coat 20 Ltr White ( HSN 3209),Dr FixIt Pidicrete URP 50 Kg,Dr FixIt Pidicrete URP [HSN 4002],Dr Fixit - Pidifin 2K [HSN 3214],Dr Fixit Pidigrout 10 M 50 Kg,Dr FixIt Pidiproof LW + 10 Ltr [HSN 3824],Dr Fixit Pidi Proof LW+ 20 Ltrs [HSN 3824],Dr Fixit PolyPlus CP 25 Kg,Dr FixIt Prime Seal 4 Ltr [HSN 3209],Dr Fixit PU Plain Injection 5Kg,Dr FixIt Roof Seal (20 Lit),Instant Leak Plug (1Kg) [3214]
0,0,0,0,0,0,0,0,0,0,0,0,0,0,0,0,0,0,0,0,0,0,0,0,0
,,,,,,,,,,,,,,,,,,,,,,,,
,,,,,,,,,,,,,,,,,,,,,,,,
,,,,,,,,,,,,,,,,,,,,,,,,
,,,,,,,,,,,,,,,,,,,,,,,,
,,,,,,,,,,,,,,,,,,,,,,,,
,,,,,,,,,,,,,,,,,,,,,,,,
,,,,,,,,,,,,,,,,,,,,,,,,
,,,,,,,,,,,,,,,,,,,,,,,,
,,,,,,,,,,,,,,,,,,,,,,,,
,,,,,,,,,,,,,,,,,,,,,,,,
,,,,,,,,,,,,,,,,,,,,,,,,
,,,,,,,,,,,,,,,,,,,,,,,,
,,,,,,,,,,,,,,,,,,,,,,,,
,,,,,,,,,,,,,,,,,,,,,,,,
,,,,,,,,,,,,,,,,,,,,,,,,
,,,,,,,,,,,,,,,,,,,,,,,,
,,,,,,,,,,,,,,,,,,,,,,,,
,,,,,,,,,,,,,,,,,,,,,,,,
,,,,,,,,,,,,,,,,,,,,,,,,
,,,,,,,,,,,,,,,,,,,,,,,,
,,,,,,,,,,,,,,,,,,,,,,,,
,,,,,,,,,,,,,,,,,,,,,,,,
,,,,,,,,,,,,,,,,,,,,,,,,
